{
  "properties":{
    "body":{
      "properties":{
        "transaction":{
          "properties":{
            "appVersion":{
              "type":"string"
            },
            "beginDateTime":{
              "type":"string"
            },
            "businessDayDate":{
              "type":"string"
            },
            "cancelFlag":{
              "type":"boolean"
            },
            "currencyCode":{
              "type":"string"
            },
            "endDateTime":{
              "type":"string"
            },
            "inventoryTransaction":{
              "items":{

              },
              "type":"array"
            },
            "offlineFlag":{
              "type":"boolean"
            },
            "operatorID":{
              "type":"string"
            },
            "organizationID":{
              "type":"integer"
            },
            "poslogControlTransaction":{
              "properties":{
                "assignTill":{
                  "properties":{
                    "tillID":{
                      "type":"string"
                    }
                  },
                  "required":[
                    "tillID"
                  ],
                  "type":"object"
                },
                "attachTill":{
                  "properties":{
                    "cashDrawer":{
                      "type":"null"
                    },
                    "tillID":{
                      "type":"string"
                    },
                    "workstationID":{
                      "type":"string"
                    }
                  },
                  "required":[
                    "tillID",
                    "workstationID",
                    "cashDrawer"
                  ],
                  "type":"object"
                },
                "operatorID":{
                  "type":"string"
                },
                "removeTill":{
                  "type":"null"
                }
              },
              "required":[
                "operatorID",
                "assignTill",
                "attachTill",
                "removeTill"
              ],
              "type":"object"
            },
            "posTransactionProperties":{
              "items":{

              },
              "type":"array"
            },
            "retailStoreID":{
              "type":"string"
            },
            "sequenceNumber":{
              "type":"string"
            },
            "tillID":{
              "type":"string"
            },
            "transactionType":{
              "type":"string"
            },
            "workstationID":{
              "type":"string"
            }
          },
          "required":[
            "organizationID",
            "retailStoreID",
            "workstationID",
            "tillID",
            "sequenceNumber",
            "businessDayDate",
            "beginDateTime",
            "endDateTime",
            "operatorID",
            "currencyCode",
            "posTransactionProperties",
            "inventoryTransaction",
            "cancelFlag",
            "offlineFlag",
            "transactionType",
            "appVersion",
            "poslogControlTransaction"
          ],
          "type":"object"
        }
      },
      "required":[
        "transaction"
      ],
      "type":"object"
    },
    "messageFormat":{
      "type":"string"
    },
    "publishTimestamp":{
      "type":"string"
    },
    "transactionId":{
      "type":"string"
    },
    "transactionType":{
      "type":"string"
    }
  },
  "required":[
    "transactionType",
    "transactionId",
    "messageFormat",
    "publishTimestamp",
    "body"
  ],
  "type":"object"
}